shortcode,date_utc,typename,likes,comments,url,owner_username,videos,video_url
DQ8bUaPAWSl,2025-11-12T05:10:00,GraphSidecar,-1,10,https://www.instagram.com/p/DQ8bUaPAWSl/,youngurbanproject,False,
DQ7qGDdDZ0R,2025-11-11T22:00:00,GraphVideo,4626,64,https://www.instagram.com/p/DQ7qGDdDZ0R/,ryanleak,True,https://instagram.fhex4-1.fna.fbcdn.net/o1/v/t2/f2/m86/AQOXdwt02gKsPUoPw7rCwHJlTgBpoCApanrGJ2jJkEdMvSHJ8TbpmY5o2gIyNEXQRdfERGLZbBDara0SsSuXee58vxOn3rhFdD4IaMs.mp4?_nc_cat=104&_nc_oc=AdnxLe9uku_u1ixq_Pjrkx--93kUgoocT-Bq9tIhkRx6qJPLGBAq4v1Knhq_rTfq8CI&_nc_sid=5e9851&_nc_ht=instagram.fhex4-1.fna.fbcdn.net&_nc_ohc=tP1jrlhwFf0Q7kNvwH_jyZE&efg=eyJ2ZW5jb2RlX3RhZyI6Inhwdl9wcm9ncmVzc2l2ZS5JTlNUQUdSQU0uQ0xJUFMuQzMuNzIwLmRhc2hfYmFzZWxpbmVfMV92MSIsInhwdl9hc3NldF9pZCI6MTUyNjQwNDk3ODU3ODQwNiwiYXNzZXRfYWdlX2RheXMiOjYsInZpX3VzZWNhc2VfaWQiOjEwMDk5LCJkdXJhdGlvbl9zIjoxMTgsInVybGdlbl9zb3VyY2UiOiJ3d3cifQ%3D%3D&ccb=17-1&_nc_gid=RItcBrmsJG8GbP6nPpBOQA&_nc_zt=28&vs=e5d7890630e95045&_nc_vs=HBksFQIYUmlnX3hwdl9yZWVsc19wZXJtYW5lbnRfc3JfcHJvZC84NzQwODdGNzJBNTVGMTA2ODZCNUYzOEJGQjE1NDI4Rl92aWRlb19kYXNoaW5pdC5tcDQVAALIARIAFQIYOnBhc3N0aHJvdWdoX2V2ZXJzdG9yZS9HTWNZWkNMdV92b1RHd01EQUNSMzdDb1EzcjFsYnN0VEFRQUYVAgLIARIAKAAYABsCiAd1c2Vfb2lsATEScHJvZ3Jlc3NpdmVfcmVjaXBlATEVAAAmzM_AqLuQtgUVAigCQzMsF0BdmAAAAAAAGBJkYXNoX2Jhc2VsaW5lXzFfdjERAHX-B2XmnQEA&oh=00_AfhYMdunGyn5eV_RpJdouJd4sTio08wZomJAAqdQD5R5_Q&oe=6917CAC9
DQ0vimyCCZU,2025-11-09T05:33:53,GraphVideo,5133,22,https://www.instagram.com/p/DQ0vimyCCZU/,lancebachmann,True,https://instagram.fhex4-1.fna.fbcdn.net/o1/v/t2/f2/m86/AQO2FPZHhRL3Ru-FZOE0Sai9YnrObxo4S5DllDJ6i5ZlkTQ9dxL8Uav4sAs9bPKnMizZ24U5HyskHoab6ch_KSoPBu2JXZ8Qr2AiA70.mp4?_nc_cat=101&_nc_oc=AdnbXW4CExVi17nZRjrKhStxzhDCVOP0nqvIyvY6xk5AIBqk-AHysbVNfiJHzRNE4x4&_nc_sid=5e9851&_nc_ht=instagram.fhex4-1.fna.fbcdn.net&_nc_ohc=v6jH2duKdHUQ7kNvwEqpkn9&efg=eyJ2ZW5jb2RlX3RhZyI6Inhwdl9wcm9ncmVzc2l2ZS5JTlNUQUdSQU0uQ0xJUFMuQzMuNzIwLmRhc2hfYmFzZWxpbmVfMV92MSIsInhwdl9hc3NldF9pZCI6ODI3NDk5NTczMzEwNTI5LCJhc3NldF9hZ2VfZGF5cyI6NCwidmlfdXNlY2FzZV9pZCI6MTAwOTksImR1cmF0aW9uX3MiOjQzLCJ1cmxnZW5fc291cmNlIjoid3d3In0%3D&ccb=17-1&_nc_gid=h6XpoTnhsr5M_fQI-bCNXw&_nc_zt=28&vs=96b8ba7f3aae2411&_nc_vs=HBksFQIYUmlnX3hwdl9yZWVsc19wZXJtYW5lbnRfc3JfcHJvZC8xMjQ4M0ZERDZGNUU2N0M4N0M3MjBDMzYwMjkyQkVCNV92aWRlb19kYXNoaW5pdC5tcDQVAALIARIAFQIYOnBhc3N0aHJvdWdoX2V2ZXJzdG9yZS9HSFB5ZENMOGZ1YUZiaVFFQUl1b0NSX1VUQUJ5YnN0VEFRQUYVAgLIARIAKAAYABsCiAd1c2Vfb2lsATEScHJvZ3Jlc3NpdmVfcmVjaXBlATEVAAAmgtHzoeim-AIVAigCQzMsF0BFogxJul41GBJkYXNoX2Jhc2VsaW5lXzFfdjERAHX-B2XmnQEA&oh=00_AfjkhNYhxi8nAq-6dqTSb5ZKqYhs6JvOP0PIucQ_o3WNEw&oe=6917D46A
DQ0NT3jiZxC,2025-11-09T00:35:14,GraphVideo,60126,296,https://www.instagram.com/p/DQ0NT3jiZxC/,whereismas,True,https://instagram.fhex4-1.fna.fbcdn.net/o1/v/t2/f2/m86/AQNAyLwMVCx692vBXo9LOPek_cRg9x6Lp48R8Y9rjwPGleqJ6jXi9HIf3XKMyT-oAFNMlxlwnsOjYdraf_duI3IUQvB_bLDa-cJQ22k.mp4?_nc_cat=102&_nc_oc=AdlQs_VhWH2Gj62kdO7mxutsUKY5LzzhbUdAz2uPvOwSfuKkzV3M7UGKw01e3ORdVZQ&_nc_sid=5e9851&_nc_ht=instagram.fhex4-1.fna.fbcdn.net&_nc_ohc=09a3djBZgT0Q7kNvwG_r9lL&efg=eyJ2ZW5jb2RlX3RhZyI6Inhwdl9wcm9ncmVzc2l2ZS5JTlNUQUdSQU0uQ0xJUFMuQzMuNzIwLmRhc2hfYmFzZWxpbmVfMV92MSIsInhwdl9hc3NldF9pZCI6MjUxMjY4MTMzODAyNzExMTAsImFzc2V0X2FnZV9kYXlzIjo0LCJ2aV91c2VjYXNlX2lkIjoxMDA5OSwiZHVyYXRpb25fcyI6MTksInVybGdlbl9zb3VyY2UiOiJ3d3cifQ%3D%3D&ccb=17-1&_nc_gid=w61vlSL-5ZtEaUhQGqRj7g&_nc_zt=28&vs=cd7ba7d11bddc457&_nc_vs=HBksFQIYUmlnX3hwdl9yZWVsc19wZXJtYW5lbnRfc3JfcHJvZC8wMjQ2RDQ3NjJCQUNGMDFDRTMwQzI1MzU0OTBGRjBBRF92aWRlb19kYXNoaW5pdC5tcDQVAALIARIAFQIYOnBhc3N0aHJvdWdoX2V2ZXJzdG9yZS9HTGJpZ1NJd25xOFZvVTRFQUhLMTBQSHVXU29UYnN0VEFRQUYVAgLIARIAKAAYABsCiAd1c2Vfb2lsATEScHJvZ3Jlc3NpdmVfcmVjaXBlATEVAAAmjPDynYStolkVAigCQzMsF0AzRN0vGp--GBJkYXNoX2Jhc2VsaW5lXzFfdjERAHX-B2XmnQEA&oh=00_Afi2XqxIymzqfx-6Spj-0bzj4Vn1jsilDeg6K3HPS6Bz6w&oe=6917CC6F
DQ1n8UaEpim,2025-11-09T13:45:31,GraphSidecar,202,27,https://www.instagram.com/p/DQ1n8UaEpim/,godofprompt,False,
DQ0FHBMD9Rw,2025-11-08T23:24:29,GraphVideo,52397,272,https://www.instagram.com/p/DQ0FHBMD9Rw/,galikasher_,True,https://instagram.fhex4-2.fna.fbcdn.net/o1/v/t2/f2/m86/AQNDIwTdjH1SX_IMgpjBl5jVhbRfXX0cAxOsT_C2OJ5G45147W1bm1Edco7khCkQZ0jQucfOYIU1KCu9msusrLUV5GFsXbhl9JAcnjg.mp4?_nc_cat=111&_nc_oc=AdmWQaX1JriiAeTF52lKHnw_REzSTsCmoW-LjQa8LmL4HX3mYs4RCUbtPpnc_PVQEQU&_nc_sid=5e9851&_nc_ht=instagram.fhex4-2.fna.fbcdn.net&_nc_ohc=LDREum6K8WkQ7kNvwGXI1lP&efg=eyJ2ZW5jb2RlX3RhZyI6Inhwdl9wcm9ncmVzc2l2ZS5JTlNUQUdSQU0uQ0xJUFMuQzMuNzIwLmRhc2hfYmFzZWxpbmVfMV92MSIsInhwdl9hc3NldF9pZCI6MTAyNDAyOTM3NjUyMTE3OCwiYXNzZXRfYWdlX2RheXMiOjQsInZpX3VzZWNhc2VfaWQiOjEwMDk5LCJkdXJhdGlvbl9zIjoyMiwidXJsZ2VuX3NvdXJjZSI6Ind3dyJ9&ccb=17-1&_nc_gid=_vnWS6u8-ANkDJX7E35L_A&_nc_zt=28&vs=4753fa592404be30&_nc_vs=HBksFQIYUmlnX3hwdl9yZWVsc19wZXJtYW5lbnRfc3JfcHJvZC8wMjRCN0QzMDhBOTNGRjE5MEFFMDJBNjVGMUYxMDk4OV92aWRlb19kYXNoaW5pdC5tcDQVAALIARIAFQIYOnBhc3N0aHJvdWdoX2V2ZXJzdG9yZS9HSldwY0NJcTZMa0JfUUlFQUdaX0hpUkJMQVV3YnN0VEFRQUYVAgLIARIAKAAYABsCiAd1c2Vfb2lsATEScHJvZ3Jlc3NpdmVfcmVjaXBlATEVAAAmtI_Rs63W0QMVAigCQzMsF0A2IgxJul41GBJkYXNoX2Jhc2VsaW5lXzFfdjERAHX-B2XmnQEA&oh=00_AfjyqMEF6K3iu13YdBtbcIeNcKLSxkjhWL6rRqLZqYLF0w&oe=6917D9A8
DQ0r2q5DOTw,2025-11-09T05:00:00,GraphVideo,14833,293,https://www.instagram.com/p/DQ0r2q5DOTw/,dgmindset,True,https://instagram.fhex4-2.fna.fbcdn.net/o1/v/t2/f2/m86/AQM6DieURFu2RTVhuMl_nS4JIj3xkWejiomkT1wq4QoLtpl3mDMgEnmQk2ERKUaDvsuPvIvhgQeRmOkdm4Ng69-5h99hjdg5jiadXMc.mp4?_nc_cat=111&_nc_oc=AdnWwYRQ1cv7FE4Z5yLeNDd8TgcB9rOrE7l6Z0ZJgi7yrK1pp_bsiXaOIPuHvZOhDCs&_nc_sid=5e9851&_nc_ht=instagram.fhex4-2.fna.fbcdn.net&_nc_ohc=Vd9EzGx2_fcQ7kNvwFIlMjf&efg=eyJ2ZW5jb2RlX3RhZyI6Inhwdl9wcm9ncmVzc2l2ZS5JTlNUQUdSQU0uQ0xJUFMuQzMuNzIwLmRhc2hfYmFzZWxpbmVfMV92MSIsInhwdl9hc3NldF9pZCI6ODA0MTEyOTUyNDc3OTA0LCJhc3NldF9hZ2VfZGF5cyI6NCwidmlfdXNlY2FzZV9pZCI6MTAwOTksImR1cmF0aW9uX3MiOjk0LCJ1cmxnZW5fc291cmNlIjoid3d3In0%3D&ccb=17-1&vs=edbdb7237465a757&_nc_vs=HBksFQIYUmlnX3hwdl9yZWVsc19wZXJtYW5lbnRfc3JfcHJvZC85NTQ0NzkxMDI5OTBFRDQ4RjkzMDkwMjlFNDU0N0Y4Nl92aWRlb19kYXNoaW5pdC5tcDQVAALIARIAFQIYOnBhc3N0aHJvdWdoX2V2ZXJzdG9yZS9HTHZHakNLTkJlWHpFWklGQUZNUVhYZEQ5NTVLYnN0VEFRQUYVAgLIARIAKAAYABsCiAd1c2Vfb2lsATEScHJvZ3Jlc3NpdmVfcmVjaXBlATEVAAAmoKOirsTV7QIVAigCQzMsF0BXlU_fO2RaGBJkYXNoX2Jhc2VsaW5lXzFfdjERAHX-B2XmnQEA&_nc_gid=FKQQPyYL2jH2i4ghPcqDyw&_nc_zt=28&oh=00_AfgHl4SIN74choEdbgk8hBAHVA2jM9LI1rlImFO9x5r6PQ&oe=6917C3FC
DQzw5EvjNmT,2025-11-08T20:27:28,GraphVideo,1216,9,https://www.instagram.com/p/DQzw5EvjNmT/,biz.insider,True,https://instagram.fhex4-2.fna.fbcdn.net/o1/v/t2/f2/m86/AQOE6ymZjnnyQUI6VF-z26KpOGRfeEpsqd1ZiRa7hBufwQaSIeNZ_2vYV_JN4UdZiVdIp-OcdOfrZjaCBfPi6dNqUZ2A4AFicOrX0Mw.mp4?_nc_cat=110&_nc_oc=Adlt7RsRhzK3maWuA4kAczK4qdmsW93pE0BrEwjPqtmMxTX6pNoOWHVamA6OVXxCgMA&_nc_sid=5e9851&_nc_ht=instagram.fhex4-2.fna.fbcdn.net&_nc_ohc=7MWT7lMqGgwQ7kNvwGCVhJ4&efg=eyJ2ZW5jb2RlX3RhZyI6Inhwdl9wcm9ncmVzc2l2ZS5JTlNUQUdSQU0uQ0xJUFMuQzMuNzIwLmRhc2hfYmFzZWxpbmVfMV92MSIsInhwdl9hc3NldF9pZCI6MTU2MjQzMjI4ODI2MDM2OSwiYXNzZXRfYWdlX2RheXMiOjQsInZpX3VzZWNhc2VfaWQiOjEwMDk5LCJkdXJhdGlvbl9zIjo0OCwidXJsZ2VuX3NvdXJjZSI6Ind3dyJ9&ccb=17-1&_nc_gid=q5-7eZOnkyRxkg0YbhDeUQ&_nc_zt=28&vs=53bfbeba9e4dfce7&_nc_vs=HBksFQIYUmlnX3hwdl9yZWVsc19wZXJtYW5lbnRfc3JfcHJvZC85RTQ3MTQzN0Y5MUYyMThDNEU4NTcxNjg4NDk2OEU4OV92aWRlb19kYXNoaW5pdC5tcDQVAALIARIAFQIYOnBhc3N0aHJvdWdoX2V2ZXJzdG9yZS9HTkpuYlNLcV9qREFCMVVGQUQ4a010WEtVZXRJYnN0VEFRQUYVAgLIARIAKAAYABsCiAd1c2Vfb2lsATEScHJvZ3Jlc3NpdmVfcmVjaXBlATEVAAAmooS42MPBxgUVAigCQzMsF0BIVT987ZFoGBJkYXNoX2Jhc2VsaW5lXzFfdjERAHX-B2XmnQEA&oh=00_Afgo9qNOzhRrwnLWYcNKb0mIOop6A-gqF8IY3LRfe_ls4A&oe=6917E6FF
DQ1dwX5iXaD,2025-11-09T12:16:46,GraphSidecar,1467,47,https://www.instagram.com/p/DQ1dwX5iXaD/,nicolasboucherfinance,False,
DQj53dYCPKM,2025-11-02T16:36:04,GraphSidecar,404,137,https://www.instagram.com/p/DQj53dYCPKM/,chrisdonnellyofficial,False,
DQOi8ObiCCQ,2025-10-25T09:31:41,GraphSidecar,1534,109,https://www.instagram.com/p/DQOi8ObiCCQ/,chrisdonnellyofficial,False,
DQzJb4ciLYd,2025-11-08T14:40:43,GraphSidecar,6870,87,https://www.instagram.com/p/DQzJb4ciLYd/,chrisdonnellyofficial,False,
DQWsqz1jX9Q,2025-10-28T13:30:00,GraphVideo,48350,399,https://www.instagram.com/p/DQWsqz1jX9Q/,quinlanwalther,True,https://instagram.fhex4-1.fna.fbcdn.net/o1/v/t2/f2/m86/AQOsYDaqAz8jb27byjCobo6SGKWkLSQoiwihBbzC1_0O0lMcWFC6f7-USTuBWW-FIgcK8t88bNoElay4VLvfiY7PMw-DdZdZt6zJuIY.mp4?_nc_cat=106&_nc_oc=AdmWDTsg1WKbmpNZp67kK4mjSXh5hcHWA_arx9S_KdWDg-DvHRm3rfV_yy0NEWEfrLk&_nc_sid=5e9851&_nc_ht=instagram.fhex4-1.fna.fbcdn.net&_nc_ohc=_N44c-lm_kUQ7kNvwEK4IGT&efg=eyJ2ZW5jb2RlX3RhZyI6Inhwdl9wcm9ncmVzc2l2ZS5JTlNUQUdSQU0uQ0xJUFMuQzMuNzIwLmRhc2hfYmFzZWxpbmVfMV92MSIsInhwdl9hc3NldF9pZCI6ODU0ODI5NzgzNjM1OTAyLCJhc3NldF9hZ2VfZGF5cyI6MTYsInZpX3VzZWNhc2VfaWQiOjEwMDk5LCJkdXJhdGlvbl9zIjo0NiwidXJsZ2VuX3NvdXJjZSI6Ind3dyJ9&ccb=17-1&vs=e179f4b665c9363&_nc_vs=HBksFQIYUmlnX3hwdl9yZWVsc19wZXJtYW5lbnRfc3JfcHJvZC82QjQ5MTdDQ0MwRjE5REMwRkY2REQ0QThDQzg1Njk4RV92aWRlb19kYXNoaW5pdC5tcDQVAALIARIAFQIYOnBhc3N0aHJvdWdoX2V2ZXJzdG9yZS9HRnctOGlIWmVXeEd5SEFDQU5XcEQyUDg5QlEzYnN0VEFRQUYVAgLIARIAKAAYABsCiAd1c2Vfb2lsATEScHJvZ3Jlc3NpdmVfcmVjaXBlATEVAAAm_N7GmdLdhAMVAigCQzMsF0BHYgxJul41GBJkYXNoX2Jhc2VsaW5lXzFfdjERAHX-B2XmnQEA&_nc_gid=FJMqw2tVXfrXV6TFVrqVVA&_nc_zt=28&oh=00_AfgvuQGID2lkQBZzxdhoXkCv-cQmyncKV63hcfWMVaFWvA&oe=6917DE07
DPlfdIZCLtt,2025-10-09T10:53:36,GraphVideo,17136,74,https://www.instagram.com/p/DPlfdIZCLtt/,theleadershipchannel,True,https://instagram.fhex4-1.fna.fbcdn.net/o1/v/t2/f2/m86/AQOERJ8trEEze65KOcdrIKu60mQr0KcOttGfNkkygxNiuWkhkELQEt8tpzx7AXwggRgQJczk1v4Dt77FKX7oyT3TsAQXnM1A_f9lEzI.mp4?_nc_cat=105&_nc_oc=AdmOjkHbmTC8Uf6XD3XTGKImFqyKXjy6pytuNrp8CNFM0_7GdHJx14CJQgCKSZZ2sxE&_nc_sid=5e9851&_nc_ht=instagram.fhex4-1.fna.fbcdn.net&_nc_ohc=7phtdyqVt-sQ7kNvwGNxHXS&efg=eyJ2ZW5jb2RlX3RhZyI6Inhwdl9wcm9ncmVzc2l2ZS5JTlNUQUdSQU0uQ0xJUFMuQzMuNzIwLmRhc2hfYmFzZWxpbmVfMV92MSIsInhwdl9hc3NldF9pZCI6MTUwMjU3NzYxMDc5ODQ1NCwiYXNzZXRfYWdlX2RheXMiOjM1LCJ2aV91c2VjYXNlX2lkIjoxMDA5OSwiZHVyYXRpb25fcyI6NTIsInVybGdlbl9zb3VyY2UiOiJ3d3cifQ%3D%3D&ccb=17-1&vs=21950f3f526ca0a4&_nc_vs=HBksFQIYUmlnX3hwdl9yZWVsc19wZXJtYW5lbnRfc3JfcHJvZC8yMjQxQ0NFRTUwMTMzOUVFNjYwMTQ4MzM3NkQwMDRBMl92aWRlb19kYXNoaW5pdC5tcDQVAALIARIAFQIYOnBhc3N0aHJvdWdoX2V2ZXJzdG9yZS9HQ3pXaWlHLUZubkczaU1IQUVhLTc1UktiTE4xYnN0VEFRQUYVAgLIARIAKAAYABsCiAd1c2Vfb2lsATEScHJvZ3Jlc3NpdmVfcmVjaXBlATEVAAAm7NXpy8OlqwUVAigCQzMsF0BKQAAAAAAAGBJkYXNoX2Jhc2VsaW5lXzFfdjERAHX-B2XmnQEA&_nc_gid=KRm7fTnYutu86xP-jP2SUA&_nc_zt=28&oh=00_AfiD6XIt5WRc9BzkEV8SSsbn6LKkAydaw-XdtQZYRNFbZA&oe=6917DDCE
DP1lriBDhuv,2025-10-15T16:55:04,GraphVideo,1885,16,https://www.instagram.com/p/DP1lriBDhuv/,behindnag,True,https://instagram.fhex4-2.fna.fbcdn.net/o1/v/t16/f2/m86/AQMSRtTM369MFtjt8MHq4ZAJrD1Yt3Qn5z2SqsbJtopP0EkRDAmZ0EuFzHsDKqSQo49QGOrNwSF8ATBI5wCKFkVRCUWejZok4rXC1bg.mp4?stp=dst-mp4&efg=eyJxZV9ncm91cHMiOiJbXCJpZ193ZWJfZGVsaXZlcnlfdnRzX290ZlwiXSIsInZlbmNvZGVfdGFnIjoidnRzX3ZvZF91cmxnZW4uY2xpcHMuYzIuNzIwLmJhc2VsaW5lIn0&_nc_cat=108&vs=2183128138858877_43559804&_nc_vs=HBksFQIYUmlnX3hwdl9yZWVsc19wZXJtYW5lbnRfc3JfcHJvZC82NzQyMjc2NjU2QThDQkVFOEUwQTE4QUY3ODVGNzhBQ192aWRlb19kYXNoaW5pdC5tcDQVAALIARIAFQIYOnBhc3N0aHJvdWdoX2V2ZXJzdG9yZS9HQmZBamlHTGxEbG85MkFFQVB4b3pmMklwMTFBYnN0VEFRQUYVAgLIARIAKAAYABsAFQAAJu7Kr82AiZRAFQIoAkMzLBdAR%2B7ZFocrAhgSZGFzaF9iYXNlbGluZV8xX3YxEQB1%2Fgdl5p0BAA%3D%3D&ccb=9-4&oh=00_AfgroP7v-oqAGXZITH_YFXFQCwchcx0QFmSeNI1QTnzB-Q&oe=6917E6E6&_nc_sid=d885a2
DMNg95ggVkJ,2025-07-17T13:50:03,GraphVideo,31103,484,https://www.instagram.com/p/DMNg95ggVkJ/,garyvee,True,https://instagram.fhex4-2.fna.fbcdn.net/o1/v/t2/f2/m86/AQOUK_c2CoBCQUoKA0nTVJgicXBXyvRiFlJmdhCEcPzpEgqjNtoZN5jGMNaGZvcW8Pov2q2N72UGHgSMiTztnVa9AZbIlw9SvCtaKyI.mp4?_nc_cat=111&_nc_oc=Adm0kcM5vfdZNHkorcP-Sw_20pG91HMybFBY9o1egYh20PMbYrNzJUUPTo8NI-zrZJA&_nc_sid=5e9851&_nc_ht=instagram.fhex4-2.fna.fbcdn.net&_nc_ohc=b9Dz3yo0AHAQ7kNvwEmbB_g&efg=eyJ2ZW5jb2RlX3RhZyI6Inhwdl9wcm9ncmVzc2l2ZS5JTlNUQUdSQU0uQ0xJUFMuQzMuNzIwLmRhc2hfYmFzZWxpbmVfMV92MSIsInhwdl9hc3NldF9pZCI6MTkwMTIwNTM1Mzk0NzE0NywiYXNzZXRfYWdlX2RheXMiOjExOSwidmlfdXNlY2FzZV9pZCI6MTAwOTksImR1cmF0aW9uX3MiOjMxLCJ1cmxnZW5fc291cmNlIjoid3d3In0%3D&ccb=17-1&vs=88f746c757088024&_nc_vs=HBksFQIYUmlnX3hwdl9yZWVsc19wZXJtYW5lbnRfc3JfcHJvZC8zMjQyNDZDN0RFQjRERUMwMTJBNTlENzM3MDgwQUFBMl92aWRlb19kYXNoaW5pdC5tcDQVAALIARIAFQIYOnBhc3N0aHJvdWdoX2V2ZXJzdG9yZS9HRGswQlJfNzVKc0ZRNkFHQU9RaG9DTUJiVE1XYnFfRUFBQUYVAgLIARIAKAAYABsCiAd1c2Vfb2lsATEScHJvZ3Jlc3NpdmVfcmVjaXBlATEVAAAmloCj3NvI4AYVAigCQzMsF0A_Kn752yLRGBJkYXNoX2Jhc2VsaW5lXzFfdjERAHX-B2XmnQEA&_nc_gid=b48gdD4B1BtP6WBzxKs6bg&_nc_zt=28&oh=00_AfhfovfeEZrysKR_Fx8KD0f8rrHQTKkfDl2lQ2NQw1Ujug&oe=6917E748
DPPPz7UDlio,2025-09-30T19:34:18,GraphVideo,275869,3146,https://www.instagram.com/p/DPPPz7UDlio/,garyvee,True,https://instagram.fhex4-2.fna.fbcdn.net/o1/v/t2/f2/m86/AQMiAhelgjtx2ftwAR27ps5yc8N9KoX_Udgukb-b0gd-jhqhv_QmY_QIpHBPA4gTPcogIgzLjlaI7_Kq2xjXJHpnhmgUkq-a5nlHJrg.mp4?_nc_cat=109&_nc_oc=AdkBqcH8d-0Z5JnrNTK6p2EaRJXp1xRkLTIYUcDNjk3uejpc5kY6fI0S0TKrGM---mI&_nc_sid=5e9851&_nc_ht=instagram.fhex4-2.fna.fbcdn.net&_nc_ohc=yciPFoSZ41QQ7kNvwEwLw3q&efg=eyJ2ZW5jb2RlX3RhZyI6Inhwdl9wcm9ncmVzc2l2ZS5JTlNUQUdSQU0uQ0xJUFMuQzMuNzIwLmRhc2hfYmFzZWxpbmVfMV92MSIsInhwdl9hc3NldF9pZCI6NzcyNzAyNjkyMDYyNTM1LCJhc3NldF9hZ2VfZGF5cyI6NDMsInZpX3VzZWNhc2VfaWQiOjEwMDk5LCJkdXJhdGlvbl9zIjo0MSwidXJsZ2VuX3NvdXJjZSI6Ind3dyJ9&ccb=17-1&vs=ebf5968b9a6da680&_nc_vs=HBksFQIYUmlnX3hwdl9yZWVsc19wZXJtYW5lbnRfc3JfcHJvZC9BNjRDQzMyRkFBMzczRkQ0M0Q4N0MxNTVEQTk0QzI4RF92aWRlb19kYXNoaW5pdC5tcDQVAALIARIAFQIYOnBhc3N0aHJvdWdoX2V2ZXJzdG9yZS9HR3pFRXlIQWF5ejhxclVIQURyZFRDUmdyS0V2YnFfRUFBQUYVAgLIARIAKAAYABsCiAd1c2Vfb2lsATEScHJvZ3Jlc3NpdmVfcmVjaXBlATEVAAAmjtXR15ux3wIVAigCQzMsF0BEjMzMzMzNGBJkYXNoX2Jhc2VsaW5lXzFfdjERAHX-B2XmnQEA&_nc_gid=h2WCFnLH7lHM7Hn-XzRl9w&_nc_zt=28&oh=00_AfhJqcsf70kw9nrL1M85_euPfnbtDDT3N0jrQR1yYB0VSw&oe=6917C09A
DQxb0KMjmKd,2025-11-07T22:44:17,GraphVideo,15,0,https://www.instagram.com/p/DQxb0KMjmKd/,mattverlaque,True,https://instagram.fhex4-2.fna.fbcdn.net/o1/v/t16/f2/m86/AQN-CsxiDOtc7eib1XYuFkFWydn6WP5454McrsQovF3sZcDJmQX_WtifL9JTkrcwbaSWLXv6mPJryKItYEB6WXeWqWprASBuXvQpCIY.mp4?stp=dst-mp4&efg=eyJxZV9ncm91cHMiOiJbXCJpZ193ZWJfZGVsaXZlcnlfdnRzX290ZlwiXSIsInZlbmNvZGVfdGFnIjoidnRzX3ZvZF91cmxnZW4uY2xpcHMuYzIuNzIwLmJhc2VsaW5lIn0&_nc_cat=108&vs=812257821700746_409307536&_nc_vs=HBksFQIYUmlnX3hwdl9yZWVsc19wZXJtYW5lbnRfc3JfcHJvZC80MTQ2NjJDRUI1NkIwRkJGNTA5N0NFMEE2Q0Y0QzlBNl92aWRlb19kYXNoaW5pdC5tcDQVAALIARIAFQIYOnBhc3N0aHJvdWdoX2V2ZXJzdG9yZS9HSG5BUENMZzFMaEZueFlGQU02ZnYxQ1VJcVFOYnN0VEFRQUYVAgLIARIAKAAYABsAFQAAJriDkeuKh9k%2FFQIoAkMzLBdAPBmZmZmZmhgSZGFzaF9iYXNlbGluZV8xX3YxEQB1%2Fgdl5p0BAA%3D%3D&ccb=9-4&oh=00_AfjmtkXFMQ5ewJ4sgy6qWPFVHdaGlD_fwjkDNoOmuLLPuw&oe=6917E1B7&_nc_sid=d885a2
DQvDXvwEsaU,2025-11-07T00:30:00,GraphVideo,25432,261,https://www.instagram.com/p/DQvDXvwEsaU/,leilahormozi,True,https://instagram.fhex4-1.fna.fbcdn.net/o1/v/t2/f2/m86/AQP20ac_4lxIE8QcNS5dRHF6nLh__KTH6uAmu5KERLX9hBCJb0pvqbYlg0lFVCFWkcW0a01aGY3aEq3LxqRh0ZrgiBrtZt32vqvDNXM.mp4?_nc_cat=105&_nc_oc=AdmILtwUjul5NXrQl2fAz69H6NgGZtnfYYPzvnMxpDr33q76UUCTFYsuwN7sr-K125w&_nc_sid=5e9851&_nc_ht=instagram.fhex4-1.fna.fbcdn.net&_nc_ohc=M-EquBig8EwQ7kNvwFtrT33&efg=eyJ2ZW5jb2RlX3RhZyI6Inhwdl9wcm9ncmVzc2l2ZS5JTlNUQUdSQU0uQ0xJUFMuQzMuNzIwLmRhc2hfYmFzZWxpbmVfMV92MSIsInhwdl9hc3NldF9pZCI6MTU0NzI2MTM1Mjk2ODgzNywiYXNzZXRfYWdlX2RheXMiOjYsInZpX3VzZWNhc2VfaWQiOjEwMDk5LCJkdXJhdGlvbl9zIjozMywidXJsZ2VuX3NvdXJjZSI6Ind3dyJ9&ccb=17-1&vs=319639b4f02c1f49&_nc_vs=HBksFQIYUmlnX3hwdl9yZWVsc19wZXJtYW5lbnRfc3JfcHJvZC82QjQ1OUI5QkVFREY0RDIzQjIwMTE3NzYzMkM1QzA4RV92aWRlb19kYXNoaW5pdC5tcDQVAALIARIAFQIYOnBhc3N0aHJvdWdoX2V2ZXJzdG9yZS9HRzhlYVNJVi1NOGFNQlVEQUx0bTRrOVRmNllmYnN0VEFRQUYVAgLIARIAKAAYABsCiAd1c2Vfb2lsATEScHJvZ3Jlc3NpdmVfcmVjaXBlATEVAAAmioqMtbvOvwUVAigCQzMsF0BAip--dsi0GBJkYXNoX2Jhc2VsaW5lXzFfdjERAHX-B2XmnQEA&_nc_gid=HRy4gOJwh2z3q6PnGJNINg&_nc_zt=28&oh=00_AfgfIRR0DwDNgbSzkHtAbYBje4fq74IGTE3JQG0M4p6w_A&oe=6917C606
DOKKI2Rj14g,2025-09-03T23:35:29,GraphVideo,2817,52,https://www.instagram.com/p/DOKKI2Rj14g/,robertlbarber,True,https://instagram.fhex4-2.fna.fbcdn.net/o1/v/t16/f2/m86/AQOwHByYnhlUuIpVNYhoK5roWAyVR-EB2hLYx9KNC8aJS9MgOw_4Y6pb8pCmdQuaWxMnvoWeaqTgSC1d0KA8t7ho3ClBb9RP6sMYz-o.mp4?stp=dst-mp4&efg=eyJxZV9ncm91cHMiOiJbXCJpZ193ZWJfZGVsaXZlcnlfdnRzX290ZlwiXSIsInZlbmNvZGVfdGFnIjoidnRzX3ZvZF91cmxnZW4uY2xpcHMuYzIuNzIwLmJhc2VsaW5lIn0&_nc_cat=107&vs=1116896860391999_1177401187&_nc_vs=HBksFQIYUmlnX3hwdl9yZWVsc19wZXJtYW5lbnRfc3JfcHJvZC9BMDQ4MkFGOTJEMkU5ODBGRDRDNkY0QTI4RTFBOTg5OF92aWRlb19kYXNoaW5pdC5tcDQVAALIARIAFQIYOnBhc3N0aHJvdWdoX2V2ZXJzdG9yZS9HTURCUnlENDZDVmFHTXdDQUI4ajhock95UkVSYnFfRUFBQUYVAgLIARIAKAAYABsAFQAAJvTw1MX%2B09U%2FFQIoAkMzLBdASg8an752yRgSZGFzaF9iYXNlbGluZV8xX3YxEQB1%2Fgdl5p0BAA%3D%3D&ccb=9-4&oh=00_AfjXSmomawylSFhcTtRwqiQ9FY8z_dMU9MNrlBMXAnyxyw&oe=6917DD9B&_nc_sid=d885a2
DQC6pYbAWKS,2025-10-20T21:08:20,GraphVideo,9038,252,https://www.instagram.com/p/DQC6pYbAWKS/,somoslideres.1,True,https://instagram.fhex4-2.fna.fbcdn.net/o1/v/t2/f2/m86/AQNZwY5StkrGEXUxvEmlsrGAzVP3OCAwOvJeX1463LtBatFDJ6QJG1bWuNgFqL7xGp_WpY4we4MxwuiVQPuUNwsm2Nv7Q8ss_lx_X_s.mp4?_nc_cat=108&_nc_oc=AdlzOBHOY0EJWhVLEcww1L2_eedho4ghN7Gu3FNwgyELG57swDCv4EEZ4CogUUBOczQ&_nc_sid=5e9851&_nc_ht=instagram.fhex4-2.fna.fbcdn.net&_nc_ohc=keDROHULLdIQ7kNvwGMH8vM&efg=eyJ2ZW5jb2RlX3RhZyI6Inhwdl9wcm9ncmVzc2l2ZS5JTlNUQUdSQU0uQ0xJUFMuQzMuNzIwLmRhc2hfYmFzZWxpbmVfMV92MSIsInhwdl9hc3NldF9pZCI6ODE0ODEzMjg0ODgwOTcxLCJhc3NldF9hZ2VfZGF5cyI6MjMsInZpX3VzZWNhc2VfaWQiOjEwMDk5LCJkdXJhdGlvbl9zIjo1NywidXJsZ2VuX3NvdXJjZSI6Ind3dyJ9&ccb=17-1&_nc_gid=2rYeV3fS2aXZj-V-0P7JUQ&_nc_zt=28&vs=2df229b5b8c10837&_nc_vs=HBksFQIYUmlnX3hwdl9yZWVsc19wZXJtYW5lbnRfc3JfcHJvZC80RTQ0ODI1Mzc3Mzk3NDdEN0MwNTczRDFFNjIyRjU4OV92aWRlb19kYXNoaW5pdC5tcDQVAALIARIAFQIYOnBhc3N0aHJvdWdoX2V2ZXJzdG9yZS9HQzU2eUNGQlhXcy1QbXdDQUpYT0xkYl9Gb290YnN0VEFRQUYVAgLIARIAKAAYABsCiAd1c2Vfb2lsATEScHJvZ3Jlc3NpdmVfcmVjaXBlATEVAAAmlsm6hrDE8gIVAigCQzMsF0BMmZmZmZmaGBJkYXNoX2Jhc2VsaW5lXzFfdjERAHX-B2XmnQEA&oh=00_Afgi6KX1BJkXY3iBHfAirsi2n9g3mlaSAAf7gKoq9Lq5Pw&oe=6917BA21
DQg8X2BjU-z,2025-11-01T13:00:00,GraphVideo,2704,23,https://www.instagram.com/p/DQg8X2BjU-z/,spark__growth,True,https://instagram.fhex4-2.fna.fbcdn.net/o1/v/t16/f2/m261/AQPOaae1tAfTRd-2mIwnzFeI-SDUhN_wTNiEcz4ZfBLZ1nK2XHKNwc5qCm6jhQoNHAa7lEgSAymUiH0FVWTUyDChoZddGEZ9veue6g.mp4?_nc_cat=107&_nc_oc=AdmmtWxfZRJZA5wIcdoqW5ek5lEXJsPFqxuIqBTTeZ470w4nqI0MwpkMNWlHY2b4nrw&_nc_sid=8bf8fe&_nc_ht=instagram.fhex4-2.fna.fbcdn.net&_nc_ohc=n1mKug4zgEwQ7kNvwGnLOTM&efg=eyJ2ZW5jb2RlX3RhZyI6Inhwdl9wcm9ncmVzc2l2ZS5JTlNUQUdSQU0uQ0xJUFMuQzMuMjE2MC5yZW11eF9zb3VyY2UiLCJ4cHZfYXNzZXRfaWQiOjE1MjIyNjc2ODkwOTQ0ODYsImFzc2V0X2FnZV9kYXlzIjoxMiwidmlfdXNlY2FzZV9pZCI6MTA4MjcsImR1cmF0aW9uX3MiOjM0LCJ1cmxnZW5fc291cmNlIjoid3d3In0%3D&ccb=17-1&_nc_gid=ICJF0N7tDUPQxj9PPNr9Hg&_nc_zt=28&oh=00_AfhEV1QJ3V94RMwP4tHGnX9As8Wh5zEAO4n6nYrdYGtfxg&oe=6917B50D
DQmhaMGjF28,2025-11-03T17:00:00,GraphVideo,573,19,https://www.instagram.com/p/DQmhaMGjF28/,michaelgervais,True,https://instagram.fhex4-2.fna.fbcdn.net/o1/v/t2/f2/m86/AQO876PXgcNnSZVoiXYRU2mPczJHuYu0iB-kXILlyWlbTg4FvyQbJ1Mydp1D1FlA0PibcrkDjLgCn_1i5Rpri0uJ4MPl2XYjvy-xOeo.mp4?_nc_cat=109&_nc_oc=AdnwVwk2A6CbaTq-V8vjrLJeIjzmu_3tXoIhMR7B8_Qf3nDpHRp02deNPgKEzuE-PBc&_nc_sid=5e9851&_nc_ht=instagram.fhex4-2.fna.fbcdn.net&_nc_ohc=jNsMhnZEo44Q7kNvwF0j1j2&efg=eyJ2ZW5jb2RlX3RhZyI6Inhwdl9wcm9ncmVzc2l2ZS5JTlNUQUdSQU0uQ0xJUFMuQzMuNzIwLmRhc2hfYmFzZWxpbmVfMV92MSIsInhwdl9hc3NldF9pZCI6MTQxMjIyMDIzNzI0OTA2MiwiYXNzZXRfYWdlX2RheXMiOjEwLCJ2aV91c2VjYXNlX2lkIjoxMDA5OSwiZHVyYXRpb25fcyI6NjUsInVybGdlbl9zb3VyY2UiOiJ3d3cifQ%3D%3D&ccb=17-1&_nc_gid=AsAbNdKBZRfQ78YZbje2mA&_nc_zt=28&vs=6217e71c822dccfb&_nc_vs=HBksFQIYUmlnX3hwdl9yZWVsc19wZXJtYW5lbnRfc3JfcHJvZC9FQjQyRjcyQzY4QzVBQjYwNzVGNTZBMDcxRTQ4NEE5M192aWRlb19kYXNoaW5pdC5tcDQVAALIARIAFQIYOnBhc3N0aHJvdWdoX2V2ZXJzdG9yZS9HQjlJUVNJU29UMk9UNHNGQUdzOE1aRFotUVVoYnN0VEFRQUYVAgLIARIAKAAYABsCiAd1c2Vfb2lsATEScHJvZ3Jlc3NpdmVfcmVjaXBlATEVAAAmzOiv2YSaggUVAigCQzMsF0BQVsi0OVgQGBJkYXNoX2Jhc2VsaW5lXzFfdjERAHX-B2XmnQEA&oh=00_AfhC9JClSx4yk1dEnnSgC61MChxbZ-EIfeHFbyjOrO7rFw&oe=6917C54A
DQhvqRtDytm,2025-11-01T20:28:58,GraphVideo,1173,22,https://www.instagram.com/p/DQhvqRtDytm/,robertlbarber,True,https://instagram.fhex4-1.fna.fbcdn.net/o1/v/t2/f2/m86/AQPixsqLtoHo6pRqdJ2o3aIFQDXWwB5MhJpyUs-llSHYBwcmC7SE-Jw1X9R-w9w0KaY8QxRi4oSwt3C326suMsJr6zQfKHRPVUixY2A.mp4?_nc_cat=102&_nc_oc=Adl-gfT4CEltrJ1xnaBQSZ95Zb6NJhfog4LuhZ96x8ew1rG0T83blAjqiVqNlA9ypuw&_nc_sid=5e9851&_nc_ht=instagram.fhex4-1.fna.fbcdn.net&_nc_ohc=CPrB3E-VRZ4Q7kNvwGZVAWH&efg=eyJ2ZW5jb2RlX3RhZyI6Inhwdl9wcm9ncmVzc2l2ZS5JTlNUQUdSQU0uQ0xJUFMuQzMuNzIwLmRhc2hfYmFzZWxpbmVfMV92MSIsInhwdl9hc3NldF9pZCI6Njc5ODgyMjkxODY0OTEzLCJhc3NldF9hZ2VfZGF5cyI6MTEsInZpX3VzZWNhc2VfaWQiOjEwMDk5LCJkdXJhdGlvbl9zIjo0NywidXJsZ2VuX3NvdXJjZSI6Ind3dyJ9&ccb=17-1&_nc_gid=tqqe0XFCj19eOuMAH5dBpw&_nc_zt=28&vs=2faec67fc00272ab&_nc_vs=HBksFQIYUmlnX3hwdl9yZWVsc19wZXJtYW5lbnRfc3JfcHJvZC9DRDRDMDJGMjQ2MzYxMTRDMDlDM0VDOTI1MDc0QjNBRF92aWRlb19kYXNoaW5pdC5tcDQVAALIARIAFQIYOnBhc3N0aHJvdWdoX2V2ZXJzdG9yZS9HT2YxTVNJYXU1MFZVSTBHQU5oVjhPSk00QnRBYnN0VEFRQUYVAgLIARIAKAAYABsCiAd1c2Vfb2lsATEScHJvZ3Jlc3NpdmVfcmVjaXBlATEVAAAmopX3562WtQIVAigCQzMsF0BHo9cKPXCkGBJkYXNoX2Jhc2VsaW5lXzFfdjERAHX-B2XmnQEA&oh=00_AfjdglawoNS7OqES-YQRNezj7mID-b280oGot5Lz9NFXJQ&oe=6917CD43
DQmAknBkn2A,2025-11-03T12:13:35,GraphVideo,112,1,https://www.instagram.com/p/DQmAknBkn2A/,jackdelosa,True,https://instagram.fhex4-1.fna.fbcdn.net/o1/v/t2/f2/m86/AQNOjfzi1nzCn_EpctW6YuEQL2BG6uBcs2zck8hPY74y73Xgy9HtR5z2RqcBEiReFImOC1l9a2c8jn_bpWF9h9M3dqZrel-ZVX03yHU.mp4?_nc_cat=104&_nc_oc=Adlp1fnq5WhNWSwR7ZAXr90AYP81aMArJtEaXhsobRFlT7W7z5UYp4Uc0ZNHU_pK3dY&_nc_sid=5e9851&_nc_ht=instagram.fhex4-1.fna.fbcdn.net&_nc_ohc=r-RskAQWdasQ7kNvwGfWNKp&efg=eyJ2ZW5jb2RlX3RhZyI6Inhwdl9wcm9ncmVzc2l2ZS5JTlNUQUdSQU0uQ0xJUFMuQzMuNzIwLmRhc2hfYmFzZWxpbmVfMV92MSIsInhwdl9hc3NldF9pZCI6MTIzNTUxMTAzNTI2NzI4MiwiYXNzZXRfYWdlX2RheXMiOjEwLCJ2aV91c2VjYXNlX2lkIjoxMDA5OSwiZHVyYXRpb25fcyI6MjYsInVybGdlbl9zb3VyY2UiOiJ3d3cifQ%3D%3D&ccb=17-1&vs=b5d9295364e6f18c&_nc_vs=HBksFQIYUmlnX3hwdl9yZWVsc19wZXJtYW5lbnRfc3JfcHJvZC84RTQzQTUyMTY1Qzc4MzgyN0IzNEM0QjM0RDc1NEY5QV92aWRlb19kYXNoaW5pdC5tcDQVAALIARIAFQIYOnBhc3N0aHJvdWdoX2V2ZXJzdG9yZS9HRTUzU2lJQXlpRTVpOThDQUxGdDBlcXFqSTAtYnN0VEFRQUYVAgLIARIAKAAYABsCiAd1c2Vfb2lsATEScHJvZ3Jlc3NpdmVfcmVjaXBlATEVAAAmpKP8xZrssQQVAigCQzMsF0A6ZmZmZmZmGBJkYXNoX2Jhc2VsaW5lXzFfdjERAHX-B2XmnQEA&_nc_gid=r1Fcgk_hN0aW6cXY1SCd_A&_nc_zt=28&oh=00_AfiYiuJpCzI1qtvlPyVkQOIgiYCEDaiwvyoxvCyMgzjxCA&oe=6917DC8D
